filename,im_width,im_height,downloaded_at,originally_from,license
image01.png,200,200,https://www.pexels.com/photo/scenic-view-of-beach-248797/,https://pixabay.com/en/beach-sandy-beach-paradise-1824855/,CC0/Pixabay
image02.png,200,200,https://www.pexels.com/photo/beach-calm-clouds-idyllic-457882/,,Pexels
image03.png,200,200,https://www.pexels.com/photo/adventure-arid-barren-coast-210307/,https://pixabay.com/en/desert-dunes-algodones-dunes-1654439/,CC0/Pixabay
image04.png,200,200,https://www.pexels.com/photo/green-leafed-trees-under-blue-sky-1662145/,,Pexels
image05.png,200,200,https://www.pexels.com/photo/landscape-nature-night-relaxation-36478/,https://pixabay.com/en/mountains-alps-meadow-summer-736886/,CC0/Pixabay
image06.png,200,200,https://www.pexels.com/photo/landscape-mountain-mountain-peak-nature-270756/,https://pixabay.com/en/villn%C3%B6sstal-funes-geisler-range-1573684/,CC0/Pixabay
image07.png,200,200,https://www.pexels.com/photo/green-leafed-trees-1090932/,,Pexels
image08.png,200,200,https://www.pexels.com/photo/architecture-buildings-city-clouds-23735/,,Pexels
image09.png,200,200,https://www.pexels.com/photo/architecture-bricks-buildings-clouds-542403/,,Pexels
image10.png,200,200,https://www.pexels.com/photo/architecture-asphalt-buildings-city-624064/,,Pexels